Certificate_ID,Train_ID,Department,Issue_Date,Expiry_Date,Validity_Days,Status,Inspector,Priority,Inspection_Type,Cycle_Number,Compliance_Score,Notes
CERT-ROL-CR101-000-118178,CR101,Rolling_Stock,2024-01-02,2025-01-01,365,Expired,Rolling_Stock_Inspector_3,Critical,Annual_Comprehensive,0,64.93545429730877,Cycle 0 certificate for rolling_stock systems
CERT-ROL-CR101-001-c52033,CR101,Rolling_Stock,2025-01-04,2026-01-04,365,Valid,Rolling_Stock_Inspector_15,Low,Annual_Comprehensive,1,85.74871034380219,Cycle 1 certificate for rolling_stock systems
CERT-ROL-CR101-002-2761d4,CR101,Rolling_Stock,,2026-12-25,365,Valid,Rolling_Stock_Inspector_4,Low,Annual_Comprehensive,2,94.25522514102448,Cycle 2 certificate for rolling_stock systems
CERT-SIG-CR101-001-d85865,CR101,Signalling,2024-06-27,2024-12-24,180,Expired,Signalling_Inspector_10,Critical,Semi_Annual_Systems,1,77.54870008887885,Cycle 1 certificate for signalling systems
CERT-SIG-CR101-002-c26305,CR101,Signalling,2025-01-03,2025-07-02,180,Valid,Signalling_Inspector_2,Low,Semi_Annual_Systems,2,87.78945529988579,Cycle 2 certificate for signalling systems
CERT-SIG-CR101-003-cf42b0,CR101,Signalling,,2025-12-16,180,Valid,Signalling_Inspector_6,Low,Semi_Annual_Systems,3,89.12180912574695,Cycle 3 certificate for signalling systems
CERT-TEL-CR101-004-47e748,CR101,Telecom,2024-12-17,2025-03-17,90,Valid,Telecom_Inspector_2,Low,Quarterly_Network,4,91.0222166772801,Cycle 4 certificate for telecom systems
CERT-TEL-CR101-005-a0ade5,CR101,Telecom,,2025-06-14,90,Valid,Telecom_Inspector_15,Low,Quarterly_Network,5,98.83234253661983,Cycle 5 certificate for telecom systems
CERT-POW-CR101-001-2205f0,CR101,Power_Supply,2024-09-26,2025-06-23,270,Valid,Power_Supply_Inspector_7,Low,Triannual_Power,1,97.89095542679027,Cycle 1 certificate for power_supply systems
CERT-POW-CR101-002-d5d08e,CR101,Power_Supply,,2026-03-30,270,Valid,Power_Supply_Inspector_1,Low,Triannual_Power,2,87.77114141830428,Cycle 2 certificate for power_supply systems
CERT-TRA-CR101-003-bb1aeb,CR101,Track_Maintenance,2024-12-30,2025-04-29,120,Valid,Track_Maintenance_Inspector_1,Low,Quarterly_Track,3,94.77814158227505,Cycle 3 certificate for track_maintenance systems
CERT-TRA-CR101-004-cc860c,CR101,Track_Maintenance,,2025-08-25,120,Valid,Track_Maintenance_Inspector_8,Low,Quarterly_Track,4,93.57377361440629,Cycle 4 certificate for track_maintenance systems
CERT-ROL-CR102-000-fd8efa,CR102,Rolling_Stock,2024-01-03,2025-01-02,365,Expired,Rolling_Stock_Inspector_3,Critical,Annual_Comprehensive,0,73.08228188046948,Cycle 0 certificate for rolling_stock systems
CERT-ROL-CR102-001-0aa3d6,CR102,Rolling_Stock,2025-01-06,2026-01-06,365,Valid,Rolling_Stock_Inspector_8,Low,Annual_Comprehensive,1,90.24704623038147,Cycle 1 certificate for rolling_stock systems
CERT-ROL-CR102-002-afab16,CR102,Rolling_Stock,,2026-12-30,365,Pending,Rolling_Stock_Inspector_6,Critical,Annual_Comprehensive,2,79.32255323578589,Cycle 2 certificate for rolling_stock systems
CERT-SIG-CR102-001-2c6cc4,CR102,Signalling,2024-07-07,2025-01-03,180,Expired,Signalling_Inspector_12,Critical,Semi_Annual_Systems,1,78.4277041407999,Cycle 1 certificate for signalling systems
CERT-SIG-CR102-002-d55cf8,CR102,Signalling,2025-01-05,2025-07-04,180,Valid,Signalling_Inspector_10,Low,Semi_Annual_Systems,2,88.36461992388992,Cycle 2 certificate for signalling systems
CERT-SIG-CR102-003-6a6cee,CR102,Signalling,,2025-12-15,180,Valid,Signalling_Inspector_13,Low,Semi_Annual_Systems,3,97.97754301917806,Cycle 3 certificate for signalling systems
CERT-TEL-CR102-004-b40bf1,CR102,Telecom,2024-12-28,2025-03-28,90,Valid,Telecom_Inspector_1,Low,Quarterly_Network,4,90.98337180478879,Cycle 4 certificate for telecom systems
CERT-TEL-CR102-005-00a160,CR102,Telecom,,2025-07-03,90,Valid,Telecom_Inspector_12,Low,Quarterly_Network,5,88.59660691188355,Cycle 5 certificate for telecom systems
CERT-POW-CR102-001-e10271,CR102,Power_Supply,2024-09-25,2025-06-22,270,Valid,Power_Supply_Inspector_12,Low,Triannual_Power,1,96.17675346581633,Cycle 1 certificate for power_supply systems
CERT-POW-CR102-002-443fd2,CR102,Power_Supply,,2026-03-26,270,Valid,Power_Supply_Inspector_14,Low,Triannual_Power,2,85.16927449728279,Cycle 2 certificate for power_supply systems
CERT-TRA-CR102-002-2ba615,CR102,Track_Maintenance,2024-08-29,2024-12-27,120,Expired,Track_Maintenance_Inspector_4,Critical,Quarterly_Track,2,75.73959630887761,Cycle 2 certificate for track_maintenance systems
CERT-TRA-CR102-003-dc1d48,CR102,Track_Maintenance,2024-12-16,2025-04-15,120,Valid,Track_Maintenance_Inspector_7,Low,Quarterly_Track,3,95.65290772871653,Cycle 3 certificate for track_maintenance systems
CERT-TRA-CR102-004-b0b502,CR102,Track_Maintenance,,2025-08-25,120,Valid,Track_Maintenance_Inspector_9,Low,Quarterly_Track,4,89.06458728554797,Cycle 4 certificate for track_maintenance systems
CERT-ROL-CR103-000-127d4c,CR103,Rolling_Stock,2023-12-27,2024-12-26,365,Expired,Rolling_Stock_Inspector_4,Critical,Annual_Comprehensive,0,80.54390887104196,Cycle 0 certificate for rolling_stock systems
CERT-ROL-CR103-001-7cc613,CR103,Rolling_Stock,2025-01-10,2026-01-10,365,Valid,Rolling_Stock_Inspector_13,Low,Annual_Comprehensive,1,97.92539714849063,Cycle 1 certificate for rolling_stock systems
CERT-ROL-CR103-002-559fc8,CR103,Rolling_Stock,,2027-01-04,365,Valid,Rolling_Stock_Inspector_11,Low,Annual_Comprehensive,2,98.09153779812705,Cycle 2 certificate for rolling_stock systems
CERT-SIG-CR103-001-2a1aad,CR103,Signalling,2024-06-24,2024-12-21,180,Expired,Signalling_Inspector_11,Critical,Semi_Annual_Systems,1,70.57884001438902,Cycle 1 certificate for signalling systems
CERT-SIG-CR103-002-36a3b0,CR103,Signalling,2025-01-02,2025-07-01,180,Valid,Signalling_Inspector_8,Low,Semi_Annual_Systems,2,96.89836076941155,Cycle 2 certificate for signalling systems
CERT-SIG-CR103-003-dcc07a,CR103,Signalling,,2025-12-17,180,Valid,Signalling_Inspector_10,Low,Semi_Annual_Systems,3,89.78979704371089,Cycle 3 certificate for signalling systems
CERT-TEL-CR103-003-288e99,CR103,Telecom,2024-09-26,2024-12-25,90,Expired,Telecom_Inspector_14,Critical,Quarterly_Network,3,71.20264246994228,Cycle 3 certificate for telecom systems
CERT-TEL-CR103-004-6582c4,CR103,Telecom,2024-12-16,2025-03-16,90,Valid,Telecom_Inspector_15,Low,Quarterly_Network,4,96.59080037410702,Cycle 4 certificate for telecom systems
CERT-TEL-CR103-005-2de56f,CR103,Telecom,,2025-06-24,90,Valid,Telecom_Inspector_6,Low,Quarterly_Network,5,98.32047651135517,Cycle 5 certificate for telecom systems
CERT-POW-CR103-001-2c8ad3,CR103,Power_Supply,2024-10-04,2025-07-01,270,Valid,Power_Supply_Inspector_13,Low,Triannual_Power,1,94.21243372299583,Cycle 1 certificate for power_supply systems
CERT-POW-CR103-002-4a7333,CR103,Power_Supply,,2026-03-20,270,Valid,Power_Supply_Inspector_9,Low,Triannual_Power,2,96.2757160351959,Cycle 2 certificate for power_supply systems
CERT-TRA-CR103-002-5e723f,CR103,Track_Maintenance,2024-09-07,2025-01-05,120,Expired,Track_Maintenance_Inspector_8,Critical,Quarterly_Track,2,64.03797190433897,Cycle 2 certificate for track_maintenance systems
CERT-TRA-CR103-003-3f828a,CR103,Track_Maintenance,2024-12-27,2025-04-26,120,Valid,Track_Maintenance_Inspector_1,Low,Quarterly_Track,3,90.44238208223486,Cycle 3 certificate for track_maintenance systems
CERT-TRA-CR103-004-5ddebb,CR103,Track_Maintenance,,2025-08-15,120,Valid,Track_Maintenance_Inspector_14,Low,Quarterly_Track,4,89.74314566212186,Cycle 4 certificate for track_maintenance systems
CERT-ROL-CR104-000-e18f92,CR104,Rolling_Stock,2024-01-06,2025-01-05,365,Expired,Rolling_Stock_Inspector_1,Critical,Annual_Comprehensive,0,73.70915756091568,Cycle 0 certificate for rolling_stock systems
CERT-ROL-CR104-001-548c23,CR104,Rolling_Stock,2024-12-23,2025-12-23,365,Valid,Rolling_Stock_Inspector_14,Low,Annual_Comprehensive,1,87.95366350752748,Cycle 1 certificate for rolling_stock systems
CERT-ROL-CR104-002-0c0da9,CR104,Rolling_Stock,,2027-01-04,365,Valid,Rolling_Stock_Inspector_3,Low,Annual_Comprehensive,2,91.29708738277284,Cycle 2 certificate for rolling_stock systems
CERT-SIG-CR104-001-2253dc,CR104,Signalling,2024-07-09,2025-01-05,180,Expired,Signalling_Inspector_1,Critical,Semi_Annual_Systems,1,84.37026433373313,Cycle 1 certificate for signalling systems
CERT-SIG-CR104-002-9b40a2,CR104,Signalling,2025-01-02,2025-07-01,180,Valid,Signalling_Inspector_13,Low,Semi_Annual_Systems,2,97.49626630669506,Cycle 2 certificate for signalling systems
CERT-SIG-CR104-003-79c817,CR104,Signalling,,2025-12-19,180,Valid,Signalling_Inspector_13,Low,Semi_Annual_Systems,3,89.17979748752899,Cycle 3 certificate for signalling systems
CERT-TEL-CR104-004-426932,CR104,Telecom,2025-01-02,2025-04-02,90,Valid,Telecom_Inspector_2,Low,Quarterly_Network,4,96.48750895903488,Cycle 4 certificate for telecom systems
CERT-TEL-CR104-005-a93f00,CR104,Telecom,,2025-06-16,90,Valid,Telecom_Inspector_2,Low,Quarterly_Network,5,86.59236193086757,Cycle 5 certificate for telecom systems
CERT-POW-CR104-001-060a82,CR104,Power_Supply,2024-09-19,2025-06-16,270,Valid,Power_Supply_Inspector_9,Low,Triannual_Power,1,98.7520146969348,Cycle 1 certificate for power_supply systems
CERT-POW-CR104-002-ef37c5,CR104,Power_Supply,,2026-03-15,270,Valid,Power_Supply_Inspector_15,Low,Triannual_Power,2,92.18828907213488,Cycle 2 certificate for power_supply systems
CERT-TRA-CR104-003-b6bf28,CR104,Track_Maintenance,2024-12-26,2025-04-25,120,Valid,Track_Maintenance_Inspector_11,Low,Quarterly_Track,3,96.23384419648767,Cycle 3 certificate for track_maintenance systems
CERT-TRA-CR104-004-ae2f46,CR104,Track_Maintenance,,2025-08-27,120,Valid,Track_Maintenance_Inspector_5,Low,Quarterly_Track,4,92.01700681792846,Cycle 4 certificate for track_maintenance systems
CERT-ROL-CR105-000-1a6d45,CR105,Rolling_Stock,2023-12-22,2024-12-21,365,Expired,Rolling_Stock_Inspector_3,Critical,Annual_Comprehensive,0,81.03120357605124,Cycle 0 certificate for rolling_stock systems
CERT-ROL-CR105-001-b43260,CR105,Rolling_Stock,2025-01-07,2026-01-07,365,Valid,Rolling_Stock_Inspector_15,Low,Annual_Comprehensive,1,87.29147057881428,Cycle 1 certificate for rolling_stock systems
CERT-ROL-CR105-002-637255,CR105,Rolling_Stock,,2026-12-28,365,Valid,Rolling_Stock_Inspector_9,Low,Annual_Comprehensive,2,92.52316388816931,Cycle 2 certificate for rolling_stock systems
CERT-SIG-CR105-001-f49db2,CR105,Signalling,2024-07-04,2024-12-31,180,Expired,Signalling_Inspector_2,Critical,Semi_Annual_Systems,1,72.0116648530103,Cycle 1 certificate for signalling systems
CERT-SIG-CR105-002-689d09,CR105,Signalling,2025-01-02,2025-07-01,180,Valid,Signalling_Inspector_10,Low,Semi_Annual_Systems,2,85.3797545177362,Cycle 2 certificate for signalling systems
CERT-SIG-CR105-003-ea00ac,CR105,Signalling,,2025-12-14,180,Valid,Signalling_Inspector_9,Low,Semi_Annual_Systems,3,90.7599542862867,Cycle 3 certificate for signalling systems
CERT-TEL-CR105-003-f89c0f,CR105,Telecom,2024-09-25,2024-12-24,90,Expired,Telecom_Inspector_2,Critical,Quarterly_Network,3,64.6903575490509,Cycle 3 certificate for telecom systems
CERT-TEL-CR105-004-eed959,CR105,Telecom,2024-12-29,2025-03-29,90,Valid,Telecom_Inspector_15,Low,Quarterly_Network,4,88.71896055429212,Cycle 4 certificate for telecom systems
CERT-TEL-CR105-005-40335b,CR105,Telecom,,2025-06-21,90,Valid,Telecom_Inspector_15,Low,Quarterly_Network,5,87.47076055555634,Cycle 5 certificate for telecom systems
CERT-POW-CR105-001-be322a,CR105,Power_Supply,2024-09-18,2025-06-15,270,Valid,Power_Supply_Inspector_2,Low,Triannual_Power,1,87.95143423163087,Cycle 1 certificate for power_supply systems
CERT-POW-CR105-002-28883a,CR105,Power_Supply,,2026-03-18,270,Valid,Power_Supply_Inspector_1,Low,Triannual_Power,2,96.40362828627963,Cycle 2 certificate for power_supply systems
CERT-TRA-CR105-002-97621f,CR105,Track_Maintenance,2024-09-01,2024-12-30,120,Expired,Track_Maintenance_Inspector_14,Critical,Quarterly_Track,2,81.45987276210711,Cycle 2 certificate for track_maintenance systems
CERT-TRA-CR105-003-f17a2b,CR105,Track_Maintenance,2025-01-04,2025-05-04,120,Valid,Track_Maintenance_Inspector_6,Low,Quarterly_Track,3,85.8155526170237,Cycle 3 certificate for track_maintenance systems
CERT-TRA-CR105-004-ba7767,CR105,Track_Maintenance,,2025-09-01,120,Valid,Track_Maintenance_Inspector_12,Low,Quarterly_Track,4,96.43994213809212,Cycle 4 certificate for track_maintenance systems
CERT-ROL-CR106-000-256ab6,CR106,Rolling_Stock,2023-12-29,2024-12-28,365,Expired,Rolling_Stock_Inspector_11,Critical,Annual_Comprehensive,0,66.06037974949382,Cycle 0 certificate for rolling_stock systems
CERT-ROL-CR106-001-ef17cd,CR106,Rolling_Stock,2025-01-04,2026-01-04,365,Valid,Rolling_Stock_Inspector_3,Low,Annual_Comprehensive,1,96.68203386681255,Cycle 1 certificate for rolling_stock systems
CERT-ROL-CR106-002-5833b6,CR106,Rolling_Stock,,2027-01-10,365,Valid,Rolling_Stock_Inspector_2,Low,Annual_Comprehensive,2,96.4750968034925,Cycle 2 certificate for rolling_stock systems
CERT-SIG-CR106-001-8e751f,CR106,Signalling,2024-06-28,2024-12-25,180,Expired,Signalling_Inspector_10,Critical,Semi_Annual_Systems,1,78.07647470761789,Cycle 1 certificate for signalling systems
CERT-SIG-CR106-002-bbe023,CR106,Signalling,2024-12-28,2025-06-26,180,Valid,Signalling_Inspector_15,Low,Semi_Annual_Systems,2,90.2027221708913,Cycle 2 certificate for signalling systems
CERT-SIG-CR106-003-7b1953,CR106,Signalling,,2025-12-15,180,Valid,Signalling_Inspector_4,Low,Semi_Annual_Systems,3,98.35285554011097,Cycle 3 certificate for signalling systems
CERT-TEL-CR106-004-12ce93,CR106,Telecom,2024-12-25,2025-03-25,90,Valid,Telecom_Inspector_6,Low,Quarterly_Network,4,96.32379843372033,Cycle 4 certificate for telecom systems
CERT-TEL-CR106-005-d5e3d6,CR106,Telecom,,2025-07-02,90,Valid,Telecom_Inspector_2,Low,Quarterly_Network,5,95.09708927701433,Cycle 5 certificate for telecom systems
CERT-POW-CR106-001-150345,CR106,Power_Supply,2024-09-25,2025-06-22,270,Valid,Power_Supply_Inspector_14,Low,Triannual_Power,1,87.46554436103838,Cycle 1 certificate for power_supply systems
CERT-POW-CR106-002-d4167f,CR106,Power_Supply,,2026-03-14,270,Valid,Power_Supply_Inspector_12,Low,Triannual_Power,2,85.06276049707705,Cycle 2 certificate for power_supply systems
CERT-TRA-CR106-002-62b807,CR106,Track_Maintenance,2024-08-31,2024-12-29,120,Expired,Track_Maintenance_Inspector_11,Critical,Quarterly_Track,2,76.28980941646398,Cycle 2 certificate for track_maintenance systems
CERT-TRA-CR106-003-bea0f7,CR106,Track_Maintenance,2024-12-21,2025-04-20,120,Valid,Track_Maintenance_Inspector_2,Low,Quarterly_Track,3,92.06848690415754,Cycle 3 certificate for track_maintenance systems
CERT-TRA-CR106-004-7fc097,CR106,Track_Maintenance,,2025-08-20,120,Valid,Track_Maintenance_Inspector_2,Low,Quarterly_Track,4,93.53647933420831,Cycle 4 certificate for track_maintenance systems
CERT-ROL-CR107-000-c66c46,CR107,Rolling_Stock,2024-01-01,2024-12-31,365,Expired,Rolling_Stock_Inspector_1,Critical,Annual_Comprehensive,0,60.994589139408575,Cycle 0 certificate for rolling_stock systems
CERT-ROL-CR107-001-f2a085,CR107,Rolling_Stock,2024-12-31,2025-12-31,365,Valid,Rolling_Stock_Inspector_6,Low,Annual_Comprehensive,1,89.41653517179128,Cycle 1 certificate for rolling_stock systems
CERT-ROL-CR107-002-f2e820,CR107,Rolling_Stock,,2027-01-10,365,Valid,Rolling_Stock_Inspector_5,Low,Annual_Comprehensive,2,88.55135341144519,Cycle 2 certificate for rolling_stock systems
CERT-SIG-CR107-002-01ac66,CR107,Signalling,2024-12-24,2025-06-22,180,Valid,Signalling_Inspector_1,Low,Semi_Annual_Systems,2,90.57425146218495,Cycle 2 certificate for signalling systems
CERT-SIG-CR107-003-101b2f,CR107,Signalling,,2025-12-27,180,Valid,Signalling_Inspector_4,Low,Semi_Annual_Systems,3,96.98392275717676,Cycle 3 certificate for signalling systems
CERT-TEL-CR107-004-848833,CR107,Telecom,2024-12-21,2025-03-21,90,Valid,Telecom_Inspector_12,Low,Quarterly_Network,4,94.36540584053665,Cycle 4 certificate for telecom systems
CERT-TEL-CR107-005-74bb9f,CR107,Telecom,,2025-07-01,90,Pending,Telecom_Inspector_3,Critical,Quarterly_Network,5,68.86143776502206,Cycle 5 certificate for telecom systems
CERT-POW-CR107-001-bc26c9,CR107,Power_Supply,2024-10-01,2025-06-28,270,Valid,Power_Supply_Inspector_1,Low,Triannual_Power,1,96.26787110934961,Cycle 1 certificate for power_supply systems
CERT-POW-CR107-002-635103,CR107,Power_Supply,,2026-03-17,270,Valid,Power_Supply_Inspector_14,Low,Triannual_Power,2,94.56884181421523,Cycle 2 certificate for power_supply systems
CERT-TRA-CR107-002-f17905,CR107,Track_Maintenance,2024-08-29,2024-12-27,120,Expired,Track_Maintenance_Inspector_13,Critical,Quarterly_Track,2,74.99823247012361,Cycle 2 certificate for track_maintenance systems
CERT-TRA-CR107-003-73cb46,CR107,Track_Maintenance,2024-12-30,2025-04-29,120,Valid,Track_Maintenance_Inspector_14,Low,Quarterly_Track,3,98.25850160970889,Cycle 3 certificate for track_maintenance systems
CERT-TRA-CR107-004-424967,CR107,Track_Maintenance,,2025-08-26,120,Valid,Track_Maintenance_Inspector_11,Low,Quarterly_Track,4,97.10760951993315,Cycle 4 certificate for track_maintenance systems
CERT-ROL-CR108-000-4b8907,CR108,Rolling_Stock,2023-12-23,2024-12-22,365,Expired,Rolling_Stock_Inspector_2,Critical,Annual_Comprehensive,0,67.1432373428183,Cycle 0 certificate for rolling_stock systems
CERT-ROL-CR108-001-d0d238,CR108,Rolling_Stock,2025-01-09,2026-01-09,365,Valid,Rolling_Stock_Inspector_15,Low,Annual_Comprehensive,1,95.13478465813071,Cycle 1 certificate for rolling_stock systems
CERT-ROL-CR108-002-40b19e,CR108,Rolling_Stock,,2026-12-29,365,Valid,Rolling_Stock_Inspector_1,Low,Annual_Comprehensive,2,96.66461557994424,Cycle 2 certificate for rolling_stock systems
CERT-SIG-CR108-002-40899e,CR108,Signalling,2024-12-30,2025-06-28,180,Valid,Signalling_Inspector_15,Low,Semi_Annual_Systems,2,86.97612317624963,Cycle 2 certificate for signalling systems
CERT-SIG-CR108-003-0bd971,CR108,Signalling,,2025-12-28,180,Valid,Signalling_Inspector_10,Low,Semi_Annual_Systems,3,91.6488065333537,Cycle 3 certificate for signalling systems
CERT-TEL-CR108-004-9fb52e,CR108,Telecom,2024-12-21,2025-03-21,90,Valid,Telecom_Inspector_4,Low,Quarterly_Network,4,94.30121639701028,Cycle 4 certificate for telecom systems
CERT-TEL-CR108-005-2bb4f9,CR108,Telecom,,2025-06-30,90,Valid,Telecom_Inspector_3,Low,Quarterly_Network,5,91.06508005678752,Cycle 5 certificate for telecom systems
CERT-POW-CR108-001-c6c8f8,CR108,Power_Supply,2024-09-23,2025-06-20,270,Valid,Power_Supply_Inspector_8,Low,Triannual_Power,1,86.83073568606477,Cycle 1 certificate for power_supply systems
CERT-POW-CR108-002-d75517,CR108,Power_Supply,,2026-03-29,270,Valid,Power_Supply_Inspector_2,Low,Triannual_Power,2,97.27200131421353,Cycle 2 certificate for power_supply systems
CERT-TRA-CR108-002-01f57c,CR108,Track_Maintenance,2024-09-01,2024-12-30,120,Expired,Track_Maintenance_Inspector_4,Critical,Quarterly_Track,2,83.46631209127537,Cycle 2 certificate for track_maintenance systems
CERT-TRA-CR108-003-2aae15,CR108,Track_Maintenance,2024-12-31,2025-04-30,120,Valid,Track_Maintenance_Inspector_3,Low,Quarterly_Track,3,90.03298084406401,Cycle 3 certificate for track_maintenance systems
CERT-TRA-CR108-004-0436d4,CR108,Track_Maintenance,,2025-08-25,120,Valid,Track_Maintenance_Inspector_10,Low,Quarterly_Track,4,92.70085314613551,Cycle 4 certificate for track_maintenance systems
CERT-ROL-CR109-000-5b7823,CR109,Rolling_Stock,2024-01-05,2025-01-04,365,Expired,Rolling_Stock_Inspector_7,Critical,Annual_Comprehensive,0,79.36349325586082,Cycle 0 certificate for rolling_stock systems
CERT-ROL-CR109-001-5cb354,CR109,Rolling_Stock,2024-12-31,2025-12-31,365,Valid,Rolling_Stock_Inspector_9,Low,Annual_Comprehensive,1,86.80291621798068,Cycle 1 certificate for rolling_stock systems
CERT-ROL-CR109-002-ffe792,CR109,Rolling_Stock,,2027-01-06,365,Valid,Rolling_Stock_Inspector_5,Low,Annual_Comprehensive,2,96.15255174052116,Cycle 2 certificate for rolling_stock systems
CERT-SIG-CR109-001-bf87db,CR109,Signalling,2024-07-05,2025-01-01,180,Expired,Signalling_Inspector_3,Critical,Semi_Annual_Systems,1,72.76666599262073,Cycle 1 certificate for signalling systems
CERT-SIG-CR109-002-b2e5e3,CR109,Signalling,2024-12-29,2025-06-27,180,Valid,Signalling_Inspector_14,Low,Semi_Annual_Systems,2,86.49060059647337,Cycle 2 certificate for signalling systems
CERT-SIG-CR109-003-35aa21,CR109,Signalling,,2025-12-30,180,Valid,Signalling_Inspector_4,Low,Semi_Annual_Systems,3,97.9447898437582,Cycle 3 certificate for signalling systems
CERT-TEL-CR109-004-c15c23,CR109,Telecom,2025-01-04,2025-04-04,90,Valid,Telecom_Inspector_10,Low,Quarterly_Network,4,87.89447182148096,Cycle 4 certificate for telecom systems
CERT-TEL-CR109-005-d8fead,CR109,Telecom,,2025-06-24,90,Valid,Telecom_Inspector_5,Low,Quarterly_Network,5,89.7211174159872,Cycle 5 certificate for telecom systems
CERT-POW-CR109-001-7f2eb0,CR109,Power_Supply,2024-10-07,2025-07-04,270,Valid,Power_Supply_Inspector_3,Low,Triannual_Power,1,86.70159435727624,Cycle 1 certificate for power_supply systems
CERT-POW-CR109-002-e4d2c0,CR109,Power_Supply,,2026-03-14,270,Valid,Power_Supply_Inspector_2,Low,Triannual_Power,2,90.44101813060414,Cycle 2 certificate for power_supply systems
CERT-TRA-CR109-002-98cd94,CR109,Track_Maintenance,2024-09-04,2025-01-02,120,Expired,Track_Maintenance_Inspector_2,Critical,Quarterly_Track,2,60.216597670296984,Cycle 2 certificate for track_maintenance systems
CERT-TRA-CR109-003-6cc134,CR109,Track_Maintenance,2024-12-19,2025-04-18,120,Valid,Track_Maintenance_Inspector_15,Low,Quarterly_Track,3,85.314183046327,Cycle 3 certificate for track_maintenance systems
CERT-TRA-CR109-004-3e6354,CR109,Track_Maintenance,,2025-08-31,120,Valid,Track_Maintenance_Inspector_1,Low,Quarterly_Track,4,89.14209069468862,Cycle 4 certificate for track_maintenance systems
CERT-ROL-CR110-000-dd12c9,CR110,Rolling_Stock,2023-12-27,2024-12-26,365,Expired,Rolling_Stock_Inspector_9,Critical,Annual_Comprehensive,0,82.17976449301779,Cycle 0 certificate for rolling_stock systems
CERT-ROL-CR110-001-a8d4e7,CR110,Rolling_Stock,2024-12-29,2025-12-29,365,Valid,Rolling_Stock_Inspector_4,Low,Annual_Comprehensive,1,85.53466335324534,Cycle 1 certificate for rolling_stock systems
CERT-ROL-CR110-002-d396f9,CR110,Rolling_Stock,,2026-12-24,365,Valid,Rolling_Stock_Inspector_4,Low,Annual_Comprehensive,2,85.22416132430432,Cycle 2 certificate for rolling_stock systems
CERT-SIG-CR110-001-ec34d1,CR110,Signalling,2024-07-08,2025-01-04,180,Expired,Signalling_Inspector_8,Critical,Semi_Annual_Systems,1,73.12059782843073,Cycle 1 certificate for signalling systems
CERT-SIG-CR110-002-e79888,CR110,Signalling,2024-12-18,2025-06-16,180,Valid,Signalling_Inspector_12,Low,Semi_Annual_Systems,2,85.1918931516143,Cycle 2 certificate for signalling systems
CERT-SIG-CR110-003-153949,CR110,Signalling,,2025-12-28,180,Valid,Signalling_Inspector_15,Low,Semi_Annual_Systems,3,94.75948759183214,Cycle 3 certificate for signalling systems
CERT-TEL-CR110-003-f85b98,CR110,Telecom,2024-10-07,2025-01-05,90,Expired,Telecom_Inspector_12,Critical,Quarterly_Network,3,84.48981681475779,Cycle 3 certificate for telecom systems
CERT-TEL-CR110-004-567f1f,CR110,Telecom,2025-01-05,2025-04-05,90,Valid,Telecom_Inspector_7,Low,Quarterly_Network,4,87.45698661153024,Cycle 4 certificate for telecom systems
CERT-TEL-CR110-005-f4d28d,CR110,Telecom,,2025-06-25,90,Valid,Telecom_Inspector_2,Low,Quarterly_Network,5,89.78263456827501,Cycle 5 certificate for telecom systems
CERT-POW-CR110-001-7c724c,CR110,Power_Supply,2024-09-26,2025-06-23,270,Valid,Power_Supply_Inspector_13,Low,Triannual_Power,1,95.58217333795434,Cycle 1 certificate for power_supply systems
CERT-POW-CR110-002-1cfe6e,CR110,Power_Supply,,2026-03-29,270,Valid,Power_Supply_Inspector_1,Low,Triannual_Power,2,95.86277959290305,Cycle 2 certificate for power_supply systems
CERT-TRA-CR110-002-84e7fa,CR110,Track_Maintenance,2024-08-29,2024-12-27,120,Expired,Track_Maintenance_Inspector_4,Critical,Quarterly_Track,2,67.83455629472604,Cycle 2 certificate for track_maintenance systems
CERT-TRA-CR110-003-00ec85,CR110,Track_Maintenance,2024-12-30,2025-04-29,120,Valid,Track_Maintenance_Inspector_12,Low,Quarterly_Track,3,90.83256078524838,Cycle 3 certificate for track_maintenance systems
CERT-TRA-CR110-004-c00a0c,CR110,Track_Maintenance,,2025-09-02,120,Valid,Track_Maintenance_Inspector_9,Low,Quarterly_Track,4,86.62208590197939,Cycle 4 certificate for track_maintenance systems
CERT-ROL-CR111-000-375a9f,CR111,Rolling_Stock,2024-01-01,2024-12-31,365,Expired,Rolling_Stock_Inspector_9,Critical,Annual_Comprehensive,0,64.69018596001254,Cycle 0 certificate for rolling_stock systems
CERT-ROL-CR111-001-9148df,CR111,Rolling_Stock,2025-01-03,2026-01-03,365,Valid,Rolling_Stock_Inspector_2,Low,Annual_Comprehensive,1,88.90275229720197,Cycle 1 certificate for rolling_stock systems
CERT-ROL-CR111-002-854094,CR111,Rolling_Stock,,2026-12-30,365,Valid,Rolling_Stock_Inspector_10,Low,Annual_Comprehensive,2,88.25400754091861,Cycle 2 certificate for rolling_stock systems
CERT-SIG-CR111-001-a2c003,CR111,Signalling,2024-06-25,2024-12-22,180,Expired,Signalling_Inspector_5,Critical,Semi_Annual_Systems,1,64.30645098223324,Cycle 1 certificate for signalling systems
CERT-SIG-CR111-002-dd41e9,CR111,Signalling,2024-12-16,2025-06-14,180,Valid,Signalling_Inspector_9,Low,Semi_Annual_Systems,2,90.00153287094817,Cycle 2 certificate for signalling systems
CERT-SIG-CR111-003-3ae6b2,CR111,Signalling,,2025-12-30,180,Valid,Signalling_Inspector_10,Low,Semi_Annual_Systems,3,85.54286535678338,Cycle 3 certificate for signalling systems
CERT-TEL-CR111-003-fb701a,CR111,Telecom,2024-09-25,2024-12-24,90,Expired,Telecom_Inspector_9,Critical,Quarterly_Network,3,67.974062344157,Cycle 3 certificate for telecom systems
CERT-TEL-CR111-004-147c36,CR111,Telecom,2024-12-29,2025-03-29,90,Valid,Telecom_Inspector_7,Low,Quarterly_Network,4,89.57990981847882,Cycle 4 certificate for telecom systems
CERT-TEL-CR111-005-5630f3,CR111,Telecom,,2025-06-30,90,Valid,Telecom_Inspector_1,Low,Quarterly_Network,5,85.88321035252343,Cycle 5 certificate for telecom systems
CERT-POW-CR111-001-39f1e6,CR111,Power_Supply,2024-09-27,2025-06-24,270,Valid,Power_Supply_Inspector_14,Low,Triannual_Power,1,90.78468138571327,Cycle 1 certificate for power_supply systems
CERT-POW-CR111-002-b03721,CR111,Power_Supply,,2026-03-20,270,Valid,Power_Supply_Inspector_10,Low,Triannual_Power,2,93.20408783807383,Cycle 2 certificate for power_supply systems
CERT-TRA-CR111-002-a1168a,CR111,Track_Maintenance,2024-09-02,2024-12-31,120,Expired,Track_Maintenance_Inspector_3,Critical,Quarterly_Track,2,71.98948155523524,Cycle 2 certificate for track_maintenance systems
CERT-TRA-CR111-003-efab14,CR111,Track_Maintenance,2025-01-05,2025-05-05,120,Valid,Track_Maintenance_Inspector_15,Low,Quarterly_Track,3,95.26050586774592,Cycle 3 certificate for track_maintenance systems
CERT-TRA-CR111-004-4a7967,CR111,Track_Maintenance,,2025-08-17,120,Valid,Track_Maintenance_Inspector_3,Low,Quarterly_Track,4,86.36123549811205,Cycle 4 certificate for track_maintenance systems
CERT-ROL-CR112-000-8a1bcf,CR112,Rolling_Stock,2023-12-23,2024-12-22,365,Expired,Rolling_Stock_Inspector_3,Critical,Annual_Comprehensive,0,78.83087292547538,Cycle 0 certificate for rolling_stock systems
CERT-ROL-CR112-001-312bca,CR112,Rolling_Stock,2025-01-09,2026-01-09,365,Valid,Rolling_Stock_Inspector_6,Low,Annual_Comprehensive,1,97.5799626981115,Cycle 1 certificate for rolling_stock systems
CERT-ROL-CR112-002-d65b08,CR112,Rolling_Stock,,2027-01-09,365,Valid,Rolling_Stock_Inspector_3,Low,Annual_Comprehensive,2,87.75427231145711,Cycle 2 certificate for rolling_stock systems
CERT-SIG-CR112-001-cfea18,CR112,Signalling,2024-07-08,2025-01-04,180,Expired,Signalling_Inspector_14,Critical,Semi_Annual_Systems,1,79.37781547652855,Cycle 1 certificate for signalling systems
CERT-SIG-CR112-002-aecaf5,CR112,Signalling,2024-12-19,2025-06-17,180,Valid,Signalling_Inspector_1,Low,Semi_Annual_Systems,2,88.95197798105954,Cycle 2 certificate for signalling systems
CERT-SIG-CR112-003-d25a1f,CR112,Signalling,,2025-12-28,180,Valid,Signalling_Inspector_2,Low,Semi_Annual_Systems,3,88.79953354188032,Cycle 3 certificate for signalling systems
CERT-TEL-CR112-003-3ae685,CR112,Telecom,2024-09-30,2024-12-29,90,Expired,Telecom_Inspector_11,Critical,Quarterly_Network,3,64.76160556221586,Cycle 3 certificate for telecom systems
CERT-TEL-CR112-004-a727c9,CR112,Telecom,2024-12-16,2025-03-16,90,Valid,Telecom_Inspector_5,Low,Quarterly_Network,4,90.9220263466056,Cycle 4 certificate for telecom systems
CERT-TEL-CR112-005-3c4a11,CR112,Telecom,,2025-06-28,90,Valid,Telecom_Inspector_10,Low,Quarterly_Network,5,98.16249708114321,Cycle 5 certificate for telecom systems
CERT-POW-CR112-001-6052e1,CR112,Power_Supply,2024-09-28,2025-06-25,270,Valid,Power_Supply_Inspector_1,Low,Triannual_Power,1,87.01695661925395,Cycle 1 certificate for power_supply systems
CERT-POW-CR112-002-333a7a,CR112,Power_Supply,,2026-03-19,270,Valid,Power_Supply_Inspector_6,Low,Triannual_Power,2,97.57497190116912,Cycle 2 certificate for power_supply systems
CERT-TRA-CR112-002-436a11,CR112,Track_Maintenance,2024-09-07,2025-01-05,120,Pending,Track_Maintenance_Inspector_2,Critical,Quarterly_Track,2,72.03416498336111,Cycle 2 certificate for track_maintenance systems
CERT-TRA-CR112-003-cd6a7d,CR112,Track_Maintenance,2024-12-31,2025-04-30,120,Valid,Track_Maintenance_Inspector_5,Low,Quarterly_Track,3,87.14886821122606,Cycle 3 certificate for track_maintenance systems
CERT-TRA-CR112-004-f8ed58,CR112,Track_Maintenance,,2025-08-29,120,Valid,Track_Maintenance_Inspector_6,Low,Quarterly_Track,4,98.19519584440722,Cycle 4 certificate for track_maintenance systems
CERT-ROL-CR113-000-30ce0a,CR113,Rolling_Stock,2024-01-09,2025-01-08,365,Expired,Rolling_Stock_Inspector_6,Critical,Annual_Comprehensive,0,67.38813621674137,Cycle 0 certificate for rolling_stock systems
CERT-ROL-CR113-001-ce54a4,CR113,Rolling_Stock,2025-01-05,2026-01-05,365,Valid,Rolling_Stock_Inspector_13,Low,Annual_Comprehensive,1,90.1731421197822,Cycle 1 certificate for rolling_stock systems
CERT-ROL-CR113-002-34d23b,CR113,Rolling_Stock,,2026-12-28,365,Valid,Rolling_Stock_Inspector_9,Low,Annual_Comprehensive,2,89.97645981624785,Cycle 2 certificate for rolling_stock systems
CERT-SIG-CR113-001-700453,CR113,Signalling,2024-06-26,2024-12-23,180,Expired,Signalling_Inspector_1,Critical,Semi_Annual_Systems,1,77.54134008395145,Cycle 1 certificate for signalling systems
CERT-SIG-CR113-002-cf1b6b,CR113,Signalling,2025-01-04,2025-07-03,180,Valid,Signalling_Inspector_7,Low,Semi_Annual_Systems,2,89.85528628976117,Cycle 2 certificate for signalling systems
CERT-SIG-CR113-003-78bd51,CR113,Signalling,,2025-12-14,180,Valid,Signalling_Inspector_5,Low,Semi_Annual_Systems,3,91.38720487302757,Cycle 3 certificate for signalling systems
CERT-TEL-CR113-003-d9bd22,CR113,Telecom,2024-09-28,2024-12-27,90,Expired,Telecom_Inspector_15,Critical,Quarterly_Network,3,68.76905344733058,Cycle 3 certificate for telecom systems
CERT-TEL-CR113-004-6147b2,CR113,Telecom,2024-12-22,2025-03-22,90,Valid,Telecom_Inspector_3,Low,Quarterly_Network,4,95.53766705951065,Cycle 4 certificate for telecom systems
CERT-TEL-CR113-005-6fb821,CR113,Telecom,,2025-06-26,90,Valid,Telecom_Inspector_8,Low,Quarterly_Network,5,97.45780027567604,Cycle 5 certificate for telecom systems
CERT-POW-CR113-001-374631,CR113,Power_Supply,2024-10-03,2025-06-30,270,Valid,Power_Supply_Inspector_3,Low,Triannual_Power,1,92.72258621885405,Cycle 1 certificate for power_supply systems
CERT-POW-CR113-002-6790b7,CR113,Power_Supply,,2026-03-17,270,Valid,Power_Supply_Inspector_3,Low,Triannual_Power,2,97.12946430524119,Cycle 2 certificate for power_supply systems
CERT-TRA-CR113-002-375f58,CR113,Track_Maintenance,2024-08-25,2024-12-23,120,Expired,Track_Maintenance_Inspector_9,Critical,Quarterly_Track,2,69.95735432186035,Cycle 2 certificate for track_maintenance systems
CERT-TRA-CR113-003-9efb7a,CR113,Track_Maintenance,2024-12-26,2025-04-25,120,Valid,Track_Maintenance_Inspector_13,Low,Quarterly_Track,3,88.3059197743094,Cycle 3 certificate for track_maintenance systems
CERT-TRA-CR113-004-29fad8,CR113,Track_Maintenance,,2025-09-01,120,Valid,Track_Maintenance_Inspector_14,Low,Quarterly_Track,4,88.91252770750654,Cycle 4 certificate for track_maintenance systems
CERT-ROL-CR114-000-419c65,CR114,Rolling_Stock,2024-01-03,2025-01-02,365,Expired,Rolling_Stock_Inspector_10,Critical,Annual_Comprehensive,0,78.44661599623565,Cycle 0 certificate for rolling_stock systems
CERT-ROL-CR114-001-541b6c,CR114,Rolling_Stock,2025-01-09,2026-01-09,365,Valid,Rolling_Stock_Inspector_6,Low,Annual_Comprehensive,1,87.7544279187883,Cycle 1 certificate for rolling_stock systems
CERT-ROL-CR114-002-491d83,CR114,Rolling_Stock,,2027-01-03,365,Pending,Rolling_Stock_Inspector_3,Critical,Annual_Comprehensive,2,70.75150918279445,Cycle 2 certificate for rolling_stock systems
CERT-SIG-CR114-001-30258e,CR114,Signalling,2024-06-26,2024-12-23,180,Expired,Signalling_Inspector_14,Critical,Semi_Annual_Systems,1,63.863990689246904,Cycle 1 certificate for signalling systems
CERT-SIG-CR114-002-853685,CR114,Signalling,2024-12-23,2025-06-21,180,Valid,Signalling_Inspector_14,Low,Semi_Annual_Systems,2,86.70092773426599,Cycle 2 certificate for signalling systems
CERT-SIG-CR114-003-5d3583,CR114,Signalling,,2025-12-16,180,Valid,Signalling_Inspector_9,Low,Semi_Annual_Systems,3,86.31802043595314,Cycle 3 certificate for signalling systems
CERT-TEL-CR114-004-42238e,CR114,Telecom,2025-01-04,2025-04-04,90,Valid,Telecom_Inspector_8,Low,Quarterly_Network,4,91.89893515329604,Cycle 4 certificate for telecom systems
CERT-TEL-CR114-005-7f2ab5,CR114,Telecom,,2025-06-29,90,Valid,Telecom_Inspector_11,Low,Quarterly_Network,5,97.54049431568816,Cycle 5 certificate for telecom systems
CERT-POW-CR114-001-73f602,CR114,Power_Supply,2024-09-26,2025-06-23,270,Valid,Power_Supply_Inspector_1,Low,Triannual_Power,1,86.6465677145632,Cycle 1 certificate for power_supply systems
CERT-POW-CR114-002-8aaab6,CR114,Power_Supply,,2026-03-17,270,Valid,Power_Supply_Inspector_2,Low,Triannual_Power,2,89.75488330964735,Cycle 2 certificate for power_supply systems
CERT-TRA-CR114-002-fa8f24,CR114,Track_Maintenance,2024-09-03,2025-01-01,120,Expired,Track_Maintenance_Inspector_6,Critical,Quarterly_Track,2,76.29650430956146,Cycle 2 certificate for track_maintenance systems
CERT-TRA-CR114-003-b91aae,CR114,Track_Maintenance,2024-12-24,2025-04-23,120,Valid,Track_Maintenance_Inspector_10,Low,Quarterly_Track,3,91.43157645914403,Cycle 3 certificate for track_maintenance systems
CERT-TRA-CR114-004-5f8285,CR114,Track_Maintenance,,2025-09-02,120,Valid,Track_Maintenance_Inspector_8,Low,Quarterly_Track,4,98.87413794734519,Cycle 4 certificate for track_maintenance systems
CERT-ROL-CR115-000-fc1eec,CR115,Rolling_Stock,2024-01-10,2025-01-09,365,Expired,Rolling_Stock_Inspector_3,Critical,Annual_Comprehensive,0,79.8261598155949,Cycle 0 certificate for rolling_stock systems
CERT-ROL-CR115-001-edf043,CR115,Rolling_Stock,2024-12-23,2025-12-23,365,Valid,Rolling_Stock_Inspector_1,Low,Annual_Comprehensive,1,87.027438751234,Cycle 1 certificate for rolling_stock systems
CERT-ROL-CR115-002-b659b8,CR115,Rolling_Stock,,2027-01-09,365,Valid,Rolling_Stock_Inspector_13,Low,Annual_Comprehensive,2,92.48997408170267,Cycle 2 certificate for rolling_stock systems
CERT-SIG-CR115-002-681363,CR115,Signalling,2024-12-19,2025-06-17,180,Valid,Signalling_Inspector_1,Low,Semi_Annual_Systems,2,87.82682990960922,Cycle 2 certificate for signalling systems
CERT-SIG-CR115-003-cfadc6,CR115,Signalling,,2025-12-13,180,Valid,Signalling_Inspector_10,Low,Semi_Annual_Systems,3,95.42712983689803,Cycle 3 certificate for signalling systems
CERT-TEL-CR115-003-e59903,CR115,Telecom,2024-10-01,2024-12-30,90,Expired,Telecom_Inspector_8,Critical,Quarterly_Network,3,66.86909546240103,Cycle 3 certificate for telecom systems
CERT-TEL-CR115-004-1a9fe5,CR115,Telecom,2024-12-17,2025-03-17,90,Valid,Telecom_Inspector_7,Low,Quarterly_Network,4,89.34385222343711,Cycle 4 certificate for telecom systems
CERT-TEL-CR115-005-9edd4b,CR115,Telecom,,2025-06-23,90,Valid,Telecom_Inspector_8,Low,Quarterly_Network,5,87.26993570373324,Cycle 5 certificate for telecom systems
CERT-POW-CR115-001-bc01c4,CR115,Power_Supply,2024-10-05,2025-07-02,270,Valid,Power_Supply_Inspector_2,Low,Triannual_Power,1,98.05335978119248,Cycle 1 certificate for power_supply systems
CERT-POW-CR115-002-df20c4,CR115,Power_Supply,,2026-03-31,270,Valid,Power_Supply_Inspector_1,Low,Triannual_Power,2,86.912175718513,Cycle 2 certificate for power_supply systems
CERT-TRA-CR115-003-07d1f1,CR115,Track_Maintenance,2024-12-19,2025-04-18,120,Valid,Track_Maintenance_Inspector_15,Low,Quarterly_Track,3,86.08295303497917,Cycle 3 certificate for track_maintenance systems
CERT-TRA-CR115-004-87da72,CR115,Track_Maintenance,,2025-08-14,120,Valid,Track_Maintenance_Inspector_2,Low,Quarterly_Track,4,96.14928128723118,Cycle 4 certificate for track_maintenance systems
CERT-ROL-CR116-000-18b695,CR116,Rolling_Stock,2024-01-11,2025-01-10,365,Expired,Rolling_Stock_Inspector_13,Critical,Annual_Comprehensive,0,67.42586760627233,Cycle 0 certificate for rolling_stock systems
CERT-ROL-CR116-001-647f3d,CR116,Rolling_Stock,2024-12-27,2025-12-27,365,Valid,Rolling_Stock_Inspector_9,Low,Annual_Comprehensive,1,88.41693564840229,Cycle 1 certificate for rolling_stock systems
CERT-ROL-CR116-002-774e29,CR116,Rolling_Stock,,2027-01-05,365,Valid,Rolling_Stock_Inspector_8,Low,Annual_Comprehensive,2,88.18942883855537,Cycle 2 certificate for rolling_stock systems
CERT-SIG-CR116-001-150623,CR116,Signalling,2024-07-04,2024-12-31,180,Expired,Signalling_Inspector_13,Critical,Semi_Annual_Systems,1,79.88367836003735,Cycle 1 certificate for signalling systems
CERT-SIG-CR116-002-43583d,CR116,Signalling,2024-12-25,2025-06-23,180,Valid,Signalling_Inspector_9,Low,Semi_Annual_Systems,2,96.58798292021875,Cycle 2 certificate for signalling systems
CERT-SIG-CR116-003-de278e,CR116,Signalling,,2025-12-25,180,Valid,Signalling_Inspector_1,Low,Semi_Annual_Systems,3,92.9648618433064,Cycle 3 certificate for signalling systems
CERT-TEL-CR116-003-cc5497,CR116,Telecom,2024-09-23,2024-12-22,90,Expired,Telecom_Inspector_4,Critical,Quarterly_Network,3,80.10099120593057,Cycle 3 certificate for telecom systems
CERT-TEL-CR116-004-1135c2,CR116,Telecom,2024-12-21,2025-03-21,90,Valid,Telecom_Inspector_4,Low,Quarterly_Network,4,96.28889114347352,Cycle 4 certificate for telecom systems
CERT-TEL-CR116-005-a05916,CR116,Telecom,,2025-06-26,90,Valid,Telecom_Inspector_15,Low,Quarterly_Network,5,92.92264007320847,Cycle 5 certificate for telecom systems
CERT-POW-CR116-001-210779,CR116,Power_Supply,2024-09-23,2025-06-20,270,Valid,Power_Supply_Inspector_13,Low,Triannual_Power,1,90.0478676835712,Cycle 1 certificate for power_supply systems
CERT-POW-CR116-002-9b6686,CR116,Power_Supply,,2026-03-18,270,Valid,Power_Supply_Inspector_1,Low,Triannual_Power,2,87.22897028782809,Cycle 2 certificate for power_supply systems
CERT-TRA-CR116-002-a7059d,CR116,Track_Maintenance,2024-09-05,2025-01-03,120,Expired,Track_Maintenance_Inspector_5,Critical,Quarterly_Track,2,71.81926332631079,Cycle 2 certificate for track_maintenance systems
CERT-TRA-CR116-003-8fd142,CR116,Track_Maintenance,2025-01-05,2025-05-05,120,Valid,Track_Maintenance_Inspector_9,Low,Quarterly_Track,3,93.46334107093583,Cycle 3 certificate for track_maintenance systems
CERT-TRA-CR116-004-90654c,CR116,Track_Maintenance,,2025-08-26,120,Valid,Track_Maintenance_Inspector_9,Low,Quarterly_Track,4,92.87578050908711,Cycle 4 certificate for track_maintenance systems
CERT-ROL-CR117-000-7da757,CR117,Rolling_Stock,2023-12-29,2024-12-28,365,Expired,Rolling_Stock_Inspector_6,Critical,Annual_Comprehensive,0,79.36132655501466,Cycle 0 certificate for rolling_stock systems
CERT-ROL-CR117-001-a78880,CR117,Rolling_Stock,2025-01-05,2026-01-05,365,Valid,Rolling_Stock_Inspector_6,Low,Annual_Comprehensive,1,97.1445937003308,Cycle 1 certificate for rolling_stock systems
CERT-ROL-CR117-002-9bc78e,CR117,Rolling_Stock,,2027-01-05,365,Valid,Rolling_Stock_Inspector_10,Low,Annual_Comprehensive,2,96.90107921509684,Cycle 2 certificate for rolling_stock systems
CERT-SIG-CR117-001-0b7ff0,CR117,Signalling,2024-06-26,2024-12-23,180,Expired,Signalling_Inspector_15,Critical,Semi_Annual_Systems,1,66.48997894505628,Cycle 1 certificate for signalling systems
CERT-SIG-CR117-002-b5bfe8,CR117,Signalling,2025-01-03,2025-07-02,180,Valid,Signalling_Inspector_9,Low,Semi_Annual_Systems,2,96.21494991456635,Cycle 2 certificate for signalling systems
CERT-SIG-CR117-003-417322,CR117,Signalling,,2025-12-25,180,Valid,Signalling_Inspector_9,Low,Semi_Annual_Systems,3,89.42962837607533,Cycle 3 certificate for signalling systems
CERT-TEL-CR117-003-3acb03,CR117,Telecom,2024-09-24,2024-12-23,90,Expired,Telecom_Inspector_2,Critical,Quarterly_Network,3,72.58806732945843,Cycle 3 certificate for telecom systems
CERT-TEL-CR117-004-945a1f,CR117,Telecom,2024-12-19,2025-03-19,90,Valid,Telecom_Inspector_12,Low,Quarterly_Network,4,91.05308334647718,Cycle 4 certificate for telecom systems
CERT-TEL-CR117-005-8b119b,CR117,Telecom,,2025-07-01,90,Valid,Telecom_Inspector_1,Low,Quarterly_Network,5,98.17712049615461,Cycle 5 certificate for telecom systems
CERT-POW-CR117-001-958a83,CR117,Power_Supply,2024-10-04,2025-07-01,270,Valid,Power_Supply_Inspector_2,Low,Triannual_Power,1,89.50126847461743,Cycle 1 certificate for power_supply systems
CERT-POW-CR117-002-806680,CR117,Power_Supply,,2026-03-30,270,Pending,Power_Supply_Inspector_10,Critical,Triannual_Power,2,72.66449591632181,Cycle 2 certificate for power_supply systems
CERT-TRA-CR117-002-a592b9,CR117,Track_Maintenance,2024-08-31,2024-12-29,120,Expired,Track_Maintenance_Inspector_14,Critical,Quarterly_Track,2,69.13843223516648,Cycle 2 certificate for track_maintenance systems
CERT-TRA-CR117-003-2c8a68,CR117,Track_Maintenance,2025-01-01,2025-05-01,120,Valid,Track_Maintenance_Inspector_12,Low,Quarterly_Track,3,86.11530756862844,Cycle 3 certificate for track_maintenance systems
CERT-TRA-CR117-004-28e6ef,CR117,Track_Maintenance,,2025-08-24,120,Valid,Track_Maintenance_Inspector_9,Low,Quarterly_Track,4,85.62811730032918,Cycle 4 certificate for track_maintenance systems
CERT-ROL-CR118-000-1656b9,CR118,Rolling_Stock,2024-01-05,2025-01-04,365,Expired,Rolling_Stock_Inspector_6,Critical,Annual_Comprehensive,0,83.30449444719983,Cycle 0 certificate for rolling_stock systems
CERT-ROL-CR118-001-6dcd8f,CR118,Rolling_Stock,2024-12-27,2025-12-27,365,Valid,Rolling_Stock_Inspector_5,Low,Annual_Comprehensive,1,98.68010886299513,Cycle 1 certificate for rolling_stock systems
CERT-ROL-CR118-002-b7a41d,CR118,Rolling_Stock,,2027-01-06,365,Valid,Rolling_Stock_Inspector_11,Low,Annual_Comprehensive,2,85.3241450642068,Cycle 2 certificate for rolling_stock systems
CERT-SIG-CR118-002-187d7f,CR118,Signalling,2024-12-28,2025-06-26,180,Valid,Signalling_Inspector_5,Low,Semi_Annual_Systems,2,94.53369990358715,Cycle 2 certificate for signalling systems
CERT-SIG-CR118-003-8e266d,CR118,Signalling,,2025-12-20,180,Valid,Signalling_Inspector_11,Low,Semi_Annual_Systems,3,97.60631761424716,Cycle 3 certificate for signalling systems
CERT-TEL-CR118-003-af77b7,CR118,Telecom,2024-09-28,2024-12-27,90,Expired,Telecom_Inspector_14,Critical,Quarterly_Network,3,83.25771551995021,Cycle 3 certificate for telecom systems
CERT-TEL-CR118-004-1f3993,CR118,Telecom,2024-12-28,2025-03-28,90,Valid,Telecom_Inspector_7,Low,Quarterly_Network,4,96.67046764232126,Cycle 4 certificate for telecom systems
CERT-TEL-CR118-005-2e76aa,CR118,Telecom,,2025-06-24,90,Valid,Telecom_Inspector_9,Low,Quarterly_Network,5,92.35132516521331,Cycle 5 certificate for telecom systems
CERT-POW-CR118-001-c5a978,CR118,Power_Supply,2024-10-01,2025-06-28,270,Valid,Power_Supply_Inspector_6,Low,Triannual_Power,1,98.72132866926393,Cycle 1 certificate for power_supply systems
CERT-POW-CR118-002-9d9752,CR118,Power_Supply,,2026-03-22,270,Valid,Power_Supply_Inspector_11,Low,Triannual_Power,2,90.590813176043,Cycle 2 certificate for power_supply systems
CERT-TRA-CR118-002-c2ebdf,CR118,Track_Maintenance,2024-09-05,2025-01-03,120,Expired,Track_Maintenance_Inspector_7,Critical,Quarterly_Track,2,80.56229541323435,Cycle 2 certificate for track_maintenance systems
CERT-TRA-CR118-003-898309,CR118,Track_Maintenance,2024-12-24,2025-04-23,120,Valid,Track_Maintenance_Inspector_1,Low,Quarterly_Track,3,86.15690912009293,Cycle 3 certificate for track_maintenance systems
CERT-TRA-CR118-004-2d8229,CR118,Track_Maintenance,,2025-08-17,120,Valid,Track_Maintenance_Inspector_4,Low,Quarterly_Track,4,97.82429688174054,Cycle 4 certificate for track_maintenance systems
CERT-ROL-CR119-000-70b4cf,CR119,Rolling_Stock,2023-12-25,2024-12-24,365,Expired,Rolling_Stock_Inspector_15,Critical,Annual_Comprehensive,0,71.1887520852236,Cycle 0 certificate for rolling_stock systems
CERT-ROL-CR119-001-7de5bb,CR119,Rolling_Stock,2024-12-29,2025-12-29,365,Valid,Rolling_Stock_Inspector_2,Low,Annual_Comprehensive,1,87.58848949468153,Cycle 1 certificate for rolling_stock systems
CERT-ROL-CR119-002-393f42,CR119,Rolling_Stock,,2027-01-10,365,Valid,Rolling_Stock_Inspector_7,Low,Annual_Comprehensive,2,96.39182501647343,Cycle 2 certificate for rolling_stock systems
CERT-SIG-CR119-001-3e8db1,CR119,Signalling,2024-07-07,2025-01-03,180,Expired,Signalling_Inspector_8,Critical,Semi_Annual_Systems,1,71.99118047828652,Cycle 1 certificate for signalling systems
CERT-SIG-CR119-002-3911e8,CR119,Signalling,2024-12-21,2025-06-19,180,Valid,Signalling_Inspector_10,Low,Semi_Annual_Systems,2,98.69337852570071,Cycle 2 certificate for signalling systems
CERT-SIG-CR119-003-284265,CR119,Signalling,,2025-12-17,180,Valid,Signalling_Inspector_14,Low,Semi_Annual_Systems,3,87.69246350543081,Cycle 3 certificate for signalling systems
CERT-TEL-CR119-003-391916,CR119,Telecom,2024-09-29,2024-12-28,90,Expired,Telecom_Inspector_4,Critical,Quarterly_Network,3,76.13872841378029,Cycle 3 certificate for telecom systems
CERT-TEL-CR119-004-180ca1,CR119,Telecom,2024-12-25,2025-03-25,90,Valid,Telecom_Inspector_15,Low,Quarterly_Network,4,98.02583040187218,Cycle 4 certificate for telecom systems
CERT-TEL-CR119-005-a2818d,CR119,Telecom,,2025-06-29,90,Valid,Telecom_Inspector_12,Low,Quarterly_Network,5,94.14280112969568,Cycle 5 certificate for telecom systems
CERT-POW-CR119-001-8ee1fa,CR119,Power_Supply,2024-10-07,2025-07-04,270,Valid,Power_Supply_Inspector_9,Low,Triannual_Power,1,91.60870479974614,Cycle 1 certificate for power_supply systems
CERT-POW-CR119-002-21ba70,CR119,Power_Supply,,2026-03-31,270,Valid,Power_Supply_Inspector_10,Low,Triannual_Power,2,97.8335849907423,Cycle 2 certificate for power_supply systems
CERT-TRA-CR119-003-aaec9a,CR119,Track_Maintenance,2024-12-30,2025-04-29,120,Valid,Track_Maintenance_Inspector_5,Low,Quarterly_Track,3,87.70550174965878,Cycle 3 certificate for track_maintenance systems
CERT-TRA-CR119-004-eca02c,CR119,Track_Maintenance,,2025-08-20,120,Valid,Track_Maintenance_Inspector_3,Low,Quarterly_Track,4,96.92183905107271,Cycle 4 certificate for track_maintenance systems
CERT-ROL-CR120-000-b754c2,CR120,Rolling_Stock,2023-12-29,2024-12-28,365,Expired,Rolling_Stock_Inspector_2,Critical,Annual_Comprehensive,0,75.48533479655157,Cycle 0 certificate for rolling_stock systems
CERT-ROL-CR120-001-f1ef07,CR120,Rolling_Stock,2025-01-05,2026-01-05,365,Valid,Rolling_Stock_Inspector_3,Low,Annual_Comprehensive,1,87.73996106678209,Cycle 1 certificate for rolling_stock systems
CERT-ROL-CR120-002-7f0d15,CR120,Rolling_Stock,,2027-01-01,365,Valid,Rolling_Stock_Inspector_13,Low,Annual_Comprehensive,2,97.00688665903739,Cycle 2 certificate for rolling_stock systems
CERT-SIG-CR120-001-eb307c,CR120,Signalling,2024-07-06,2025-01-02,180,Expired,Signalling_Inspector_12,Critical,Semi_Annual_Systems,1,63.313457720420715,Cycle 1 certificate for signalling systems
CERT-SIG-CR120-002-35bf7b,CR120,Signalling,2025-01-03,2025-07-02,180,Valid,Signalling_Inspector_9,Low,Semi_Annual_Systems,2,97.09793690845684,Cycle 2 certificate for signalling systems
CERT-SIG-CR120-003-a95b42,CR120,Signalling,,2025-12-19,180,Valid,Signalling_Inspector_15,Low,Semi_Annual_Systems,3,96.7399169640004,Cycle 3 certificate for signalling systems
CERT-TEL-CR120-004-0eb6ba,CR120,Telecom,2025-01-02,2025-04-02,90,Valid,Telecom_Inspector_2,Low,Quarterly_Network,4,85.86613464496179,Cycle 4 certificate for telecom systems
CERT-TEL-CR120-005-34dc99,CR120,Telecom,,2025-07-04,90,Valid,Telecom_Inspector_10,Low,Quarterly_Network,5,87.00269657561147,Cycle 5 certificate for telecom systems
CERT-POW-CR120-001-7ce9ba,CR120,Power_Supply,2024-10-07,2025-07-04,270,Valid,Power_Supply_Inspector_11,Low,Triannual_Power,1,92.99280090894693,Cycle 1 certificate for power_supply systems
CERT-POW-CR120-002-f200f6,CR120,Power_Supply,,2026-03-30,270,Valid,Power_Supply_Inspector_2,Low,Triannual_Power,2,86.10377677004482,Cycle 2 certificate for power_supply systems
CERT-TRA-CR120-002-b8b49b,CR120,Track_Maintenance,2024-09-05,2025-01-03,120,Expired,Track_Maintenance_Inspector_1,Critical,Quarterly_Track,2,61.352189528403706,Cycle 2 certificate for track_maintenance systems
CERT-TRA-CR120-003-826a46,CR120,Track_Maintenance,2024-12-18,2025-04-17,120,Valid,Track_Maintenance_Inspector_1,Low,Quarterly_Track,3,88.13313787656888,Cycle 3 certificate for track_maintenance systems
CERT-TRA-CR120-004-0809ef,CR120,Track_Maintenance,,2025-08-18,120,Valid,Track_Maintenance_Inspector_13,Low,Quarterly_Track,4,97.87845379827155,Cycle 4 certificate for track_maintenance systems
CERT-ROL-CR121-000-b9c63c,CR121,Rolling_Stock,2024-01-04,2025-01-03,365,Expired,Rolling_Stock_Inspector_14,Critical,Annual_Comprehensive,0,76.98327451130994,Cycle 0 certificate for rolling_stock systems
CERT-ROL-CR121-001-99d544,CR121,Rolling_Stock,2025-01-07,2026-01-07,365,Valid,Rolling_Stock_Inspector_6,Low,Annual_Comprehensive,1,90.74951468832789,Cycle 1 certificate for rolling_stock systems
CERT-ROL-CR121-002-1a148a,CR121,Rolling_Stock,,2027-01-08,365,Valid,Rolling_Stock_Inspector_13,Low,Annual_Comprehensive,2,89.4607549068207,Cycle 2 certificate for rolling_stock systems
CERT-SIG-CR121-002-4176c6,CR121,Signalling,2024-12-23,2025-06-21,180,Valid,Signalling_Inspector_7,Low,Semi_Annual_Systems,2,96.95508675579002,Cycle 2 certificate for signalling systems
CERT-SIG-CR121-003-0ffc66,CR121,Signalling,,2025-12-28,180,Valid,Signalling_Inspector_1,Low,Semi_Annual_Systems,3,86.16437796844305,Cycle 3 certificate for signalling systems
CERT-TEL-CR121-004-a87a97,CR121,Telecom,2024-12-24,2025-03-24,90,Valid,Telecom_Inspector_9,Low,Quarterly_Network,4,98.62630238598939,Cycle 4 certificate for telecom systems
CERT-TEL-CR121-005-e55359,CR121,Telecom,,2025-07-03,90,Valid,Telecom_Inspector_1,Low,Quarterly_Network,5,95.43418470600619,Cycle 5 certificate for telecom systems
CERT-POW-CR121-001-28f8a4,CR121,Power_Supply,2024-09-24,2025-06-21,270,Valid,Power_Supply_Inspector_10,Low,Triannual_Power,1,93.95444332704108,Cycle 1 certificate for power_supply systems
CERT-POW-CR121-002-c22e3e,CR121,Power_Supply,,2026-03-20,270,Valid,Power_Supply_Inspector_7,Low,Triannual_Power,2,86.92086301406599,Cycle 2 certificate for power_supply systems
CERT-TRA-CR121-002-9a1230,CR121,Track_Maintenance,2024-09-01,2024-12-30,120,Expired,Track_Maintenance_Inspector_11,Critical,Quarterly_Track,2,81.51325792039862,Cycle 2 certificate for track_maintenance systems
CERT-TRA-CR121-003-22b116,CR121,Track_Maintenance,2024-12-17,2025-04-16,120,Valid,Track_Maintenance_Inspector_4,Low,Quarterly_Track,3,85.48585335580061,Cycle 3 certificate for track_maintenance systems
CERT-TRA-CR121-004-e69323,CR121,Track_Maintenance,,2025-08-15,120,Valid,Track_Maintenance_Inspector_14,Low,Quarterly_Track,4,97.7531310237679,Cycle 4 certificate for track_maintenance systems
CERT-ROL-CR122-000-b8754d,CR122,Rolling_Stock,2024-01-06,2025-01-05,365,Expired,Rolling_Stock_Inspector_7,Critical,Annual_Comprehensive,0,70.26043884024409,Cycle 0 certificate for rolling_stock systems
CERT-ROL-CR122-001-209e2d,CR122,Rolling_Stock,2024-12-22,2025-12-22,365,Valid,Rolling_Stock_Inspector_11,Low,Annual_Comprehensive,1,97.35616222341163,Cycle 1 certificate for rolling_stock systems
CERT-ROL-CR122-002-3343eb,CR122,Rolling_Stock,,2026-12-25,365,Valid,Rolling_Stock_Inspector_10,Low,Annual_Comprehensive,2,90.56873469813539,Cycle 2 certificate for rolling_stock systems
CERT-SIG-CR122-001-3ba24f,CR122,Signalling,2024-06-25,2024-12-22,180,Expired,Signalling_Inspector_11,Critical,Semi_Annual_Systems,1,83.09506443099542,Cycle 1 certificate for signalling systems
CERT-SIG-CR122-002-b0eb46,CR122,Signalling,2025-01-03,2025-07-02,180,Valid,Signalling_Inspector_6,Low,Semi_Annual_Systems,2,86.05364824392404,Cycle 2 certificate for signalling systems
CERT-SIG-CR122-003-7b9052,CR122,Signalling,,2025-12-14,180,Valid,Signalling_Inspector_10,Low,Semi_Annual_Systems,3,98.96265720357123,Cycle 3 certificate for signalling systems
CERT-TEL-CR122-003-5fb471,CR122,Telecom,2024-09-25,2024-12-24,90,Expired,Telecom_Inspector_5,Critical,Quarterly_Network,3,76.85336055954622,Cycle 3 certificate for telecom systems
CERT-TEL-CR122-004-a990a9,CR122,Telecom,2024-12-22,2025-03-22,90,Valid,Telecom_Inspector_6,Low,Quarterly_Network,4,96.06120991058243,Cycle 4 certificate for telecom systems
CERT-TEL-CR122-005-41506f,CR122,Telecom,,2025-06-14,90,Valid,Telecom_Inspector_6,Low,Quarterly_Network,5,89.31907135402852,Cycle 5 certificate for telecom systems
CERT-POW-CR122-001-745f5c,CR122,Power_Supply,2024-09-17,2025-06-14,270,Valid,Power_Supply_Inspector_10,Low,Triannual_Power,1,96.70240334320752,Cycle 1 certificate for power_supply systems
CERT-POW-CR122-002-9763b3,CR122,Power_Supply,,2026-03-25,270,Valid,Power_Supply_Inspector_10,Low,Triannual_Power,2,88.17132454610835,Cycle 2 certificate for power_supply systems
CERT-TRA-CR122-003-437236,CR122,Track_Maintenance,2024-12-16,2025-04-15,120,Valid,Track_Maintenance_Inspector_9,Low,Quarterly_Track,3,94.16897849446546,Cycle 3 certificate for track_maintenance systems
CERT-TRA-CR122-004-1d28a3,CR122,Track_Maintenance,,2025-09-01,120,Valid,Track_Maintenance_Inspector_5,Low,Quarterly_Track,4,85.10103532058469,Cycle 4 certificate for track_maintenance systems
CERT-ROL-CR123-000-671900,CR123,Rolling_Stock,2023-12-29,2024-12-28,365,Expired,Rolling_Stock_Inspector_13,Critical,Annual_Comprehensive,0,60.848284671772234,Cycle 0 certificate for rolling_stock systems
CERT-ROL-CR123-001-35cce9,CR123,Rolling_Stock,2025-01-06,2026-01-06,365,Valid,Rolling_Stock_Inspector_3,Low,Annual_Comprehensive,1,88.89859926528551,Cycle 1 certificate for rolling_stock systems
CERT-ROL-CR123-002-1749d4,CR123,Rolling_Stock,,2027-01-07,365,Valid,Rolling_Stock_Inspector_6,Low,Annual_Comprehensive,2,95.63322904960947,Cycle 2 certificate for rolling_stock systems
CERT-SIG-CR123-001-0fd13e,CR123,Signalling,2024-07-03,2024-12-30,180,Expired,Signalling_Inspector_13,Critical,Semi_Annual_Systems,1,65.78269411246052,Cycle 1 certificate for signalling systems
CERT-SIG-CR123-002-c9a161,CR123,Signalling,2025-01-01,2025-06-30,180,Valid,Signalling_Inspector_7,Low,Semi_Annual_Systems,2,91.04020393763942,Cycle 2 certificate for signalling systems
CERT-SIG-CR123-003-142499,CR123,Signalling,,2025-12-15,180,Valid,Signalling_Inspector_8,Low,Semi_Annual_Systems,3,91.14931221346055,Cycle 3 certificate for signalling systems
CERT-TEL-CR123-003-8bfc43,CR123,Telecom,2024-09-25,2024-12-24,90,Expired,Telecom_Inspector_11,Critical,Quarterly_Network,3,63.55073505304626,Cycle 3 certificate for telecom systems
CERT-TEL-CR123-004-75617c,CR123,Telecom,2024-12-31,2025-03-31,90,Valid,Telecom_Inspector_8,Low,Quarterly_Network,4,95.16925349768724,Cycle 4 certificate for telecom systems
CERT-TEL-CR123-005-ef76ec,CR123,Telecom,,2025-06-28,90,Valid,Telecom_Inspector_2,Low,Quarterly_Network,5,93.6459779815914,Cycle 5 certificate for telecom systems
CERT-POW-CR123-001-54fdf8,CR123,Power_Supply,2024-10-06,2025-07-03,270,Valid,Power_Supply_Inspector_12,Low,Triannual_Power,1,91.85639647134354,Cycle 1 certificate for power_supply systems
CERT-POW-CR123-002-ad5d48,CR123,Power_Supply,,2026-03-17,270,Valid,Power_Supply_Inspector_14,Low,Triannual_Power,2,95.4387485026664,Cycle 2 certificate for power_supply systems
CERT-TRA-CR123-002-2a8649,CR123,Track_Maintenance,2024-09-03,2025-01-01,120,Expired,Track_Maintenance_Inspector_11,Critical,Quarterly_Track,2,77.23111833551985,Cycle 2 certificate for track_maintenance systems
CERT-TRA-CR123-003-7083c4,CR123,Track_Maintenance,2024-12-24,2025-04-23,120,Valid,Track_Maintenance_Inspector_7,Low,Quarterly_Track,3,90.38992059515168,Cycle 3 certificate for track_maintenance systems
CERT-TRA-CR123-004-16fc38,CR123,Track_Maintenance,,2025-09-02,120,Valid,Track_Maintenance_Inspector_7,Low,Quarterly_Track,4,95.39587766956542,Cycle 4 certificate for track_maintenance systems
CERT-ROL-CR124-000-09934e,CR124,Rolling_Stock,2023-12-22,2024-12-21,365,Expired,Rolling_Stock_Inspector_10,Critical,Annual_Comprehensive,0,61.06911812470363,Cycle 0 certificate for rolling_stock systems
CERT-ROL-CR124-001-286b49,CR124,Rolling_Stock,2024-12-27,2025-12-27,365,Valid,Rolling_Stock_Inspector_14,Low,Annual_Comprehensive,1,85.2603697205794,Cycle 1 certificate for rolling_stock systems
CERT-ROL-CR124-002-0fecbd,CR124,Rolling_Stock,,2026-12-25,365,Valid,Rolling_Stock_Inspector_6,Low,Annual_Comprehensive,2,87.90105845271083,Cycle 2 certificate for rolling_stock systems
CERT-SIG-CR124-001-8ef8da,CR124,Signalling,2024-06-30,2024-12-27,180,Expired,Signalling_Inspector_6,Critical,Semi_Annual_Systems,1,72.47089673113533,Cycle 1 certificate for signalling systems
CERT-SIG-CR124-002-176a40,CR124,Signalling,2024-12-28,2025-06-26,180,Valid,Signalling_Inspector_8,Low,Semi_Annual_Systems,2,90.24753134117611,Cycle 2 certificate for signalling systems
CERT-SIG-CR124-003-501e1a,CR124,Signalling,,2025-12-18,180,Valid,Signalling_Inspector_12,Low,Semi_Annual_Systems,3,91.466354924182,Cycle 3 certificate for signalling systems
CERT-TEL-CR124-003-ebdc94,CR124,Telecom,2024-09-29,2024-12-28,90,Expired,Telecom_Inspector_9,Critical,Quarterly_Network,3,60.835918072244446,Cycle 3 certificate for telecom systems
CERT-TEL-CR124-004-70362e,CR124,Telecom,2024-12-25,2025-03-25,90,Valid,Telecom_Inspector_4,Low,Quarterly_Network,4,92.10504430072373,Cycle 4 certificate for telecom systems
CERT-TEL-CR124-005-b98b96,CR124,Telecom,,2025-06-19,90,Valid,Telecom_Inspector_12,Low,Quarterly_Network,5,86.76162287516627,Cycle 5 certificate for telecom systems
CERT-POW-CR124-001-6f27c0,CR124,Power_Supply,2024-09-18,2025-06-15,270,Valid,Power_Supply_Inspector_5,Low,Triannual_Power,1,92.16996758171672,Cycle 1 certificate for power_supply systems
CERT-POW-CR124-002-f56a3e,CR124,Power_Supply,,2026-03-26,270,Valid,Power_Supply_Inspector_3,Low,Triannual_Power,2,95.13586902056785,Cycle 2 certificate for power_supply systems
CERT-TRA-CR124-002-c4f816,CR124,Track_Maintenance,2024-09-05,2025-01-03,120,Expired,Track_Maintenance_Inspector_8,Critical,Quarterly_Track,2,66.28699138423539,Cycle 2 certificate for track_maintenance systems
CERT-TRA-CR124-003-3de221,CR124,Track_Maintenance,2024-12-18,2025-04-17,120,Valid,Track_Maintenance_Inspector_15,Low,Quarterly_Track,3,95.919460657255,Cycle 3 certificate for track_maintenance systems
CERT-TRA-CR124-004-7fe10b,CR124,Track_Maintenance,,2025-08-20,120,Valid,Track_Maintenance_Inspector_13,Low,Quarterly_Track,4,91.6118060547901,Cycle 4 certificate for track_maintenance systems
